url,title,summary,category,actionability,implied_action,importance,effort,staleness,insight_density,quick_win_score,fetch_success,fetch_error
https://airtable.com/appk4qxUG2dzCJUT2/pagHnnCDjCWQ0tCv9/form,Airtable Form Submission,"Could not fetch content. This URL points to a specific form within an Airtable base, likely used for data entry, task tracking, or information collection.",productivity/organization,4,Fill out the form or review submitted data,3,2,3,1,1.5,False,Could not extract text content
https://www.richardhanania.com/p/the-china-shock-and-why-the-midwest,The China Shock and Why the Midwest,"Richard Hanania argues against protectionist trade policies with China, explaining that creative destruction is necessary for economic progress. He critiques both Trump and Biden administration approaches while discussing the China Shock literature and contrasting different economic philosophies including JD Vance's views on immigration versus technology.",politics/policy,1,Read for interest/enrichment,3,2,3,4,1.5,True,
https://brief.bismarckanalysis.com/p/china-tests-our-dream-of-an-automated,China Tests Our Dream of an Automated Future,,uncategorized,3,,3,3,3,3,1.0,True,
https://www.bigquietfan.com/,Big Quiet Fan,,uncategorized,3,,3,3,3,3,1.0,True,
https://www.lesswrong.com/posts/5kSbx2vPTRhjiNHfe/hospitalization-a-review,366,,uncategorized,3,,3,3,3,3,1.0,True,
https://terrytao.wordpress.com/career-advice/theres-more-to-mathematics-than-rigour-and-proofs/,There’s more to mathematics than rigour and proofs,,uncategorized,3,,3,3,3,3,1.0,True,
https://www.tais2025.cc/proceedings/farr-mossaic,https://www.tais2025.cc/proceedings/farr-mossaic,,uncategorized,3,,3,3,3,3,1.0,False,"Download failed: HTTPSConnectionPool(host='www.tais2025.cc', port=443): Max retries exceeded with url: /proceedings/farr-mossaic (Caused by NameResolutionError(""HTTPSConnection(host='www.tais2025.cc', port=443): Failed to resolve 'www.tais2025.cc' ([Errno 11004] getaddrinfo failed)""))"
https://forum.effectivealtruism.org/posts/R8AAG4QBZi5puvogR/effective-altruism-in-the-age-of-agi,Effective altruism in the age of AGI — EA Forum,,uncategorized,3,,3,3,3,3,1.0,True,
https://forum.effectivealtruism.org/posts/wt8gKaH9usKy3LQmK/you-should-probably-track-your-time-and-it-just-got-easier,You should probably track your time (and it just got easier) — EA Forum,,uncategorized,3,,3,3,3,3,1.0,True,
https://www.campbellramble.ai/p/china-cant-win,China Can't Win,,uncategorized,3,,3,3,3,3,1.0,True,
https://www.nytimes.com/2025/10/14/opinion/culture/community-parenting-village.html,https://www.nytimes.com/2025/10/14/opinion/culture/community-parenting-village.html,,uncategorized,3,,3,3,3,3,1.0,False,Download failed: 403 Client Error: Forbidden for url: https://www.nytimes.com/2025/10/14/opinion/culture/community-parenting-village.html
https://joincolossus.com/article/joshua-kushner-thrive-new-world/,"Josh Kushner, Thrive, and the New World",,uncategorized,3,,3,3,3,3,1.0,True,
https://importai.substack.com/p/import-ai-431-technological-optimism,Import AI 431: Technological Optimism and Appropriate Fear,,uncategorized,3,,3,3,3,3,1.0,True,
https://www.lesswrong.com/posts/ahYpi49FNhxYBxanw/the-biochemical-beauty-of-retatrutide-how-glp-1s-actually,LESSWRONG LW,,uncategorized,3,,3,3,3,3,1.0,True,
https://m.youtube.com/watch?v=InjMe5Q1_ks&pp=0gcJCfwJAYcqIYzv,5 Mistakes That Secretly Ruin Your Child’s Sleep (and yours),,uncategorized,3,,3,3,3,3,1.0,True,
https://frh.psdschools.org/sites/frh/files/SITE_FILES/Graduation/Programs/FRHS_Program_English.pdf,https://frh.psdschools.org/sites/frh/files/SITE_FILES/Graduation/Programs/FRHS_Program_English.pdf,,uncategorized,3,,3,3,3,3,1.0,False,Could not extract text content
https://m.youtube.com/watch?v=LAc-ssq16Kc,Draining a Backflow Prevention Device (Febco 765),,uncategorized,3,,3,3,3,3,1.0,True,
https://www.slowboring.com/p/more-streaming-video-is-bad,More streaming video is bad,,uncategorized,3,,3,3,3,3,1.0,True,
https://www.wired.com/story/the-real-stakes-real-story-peter-thiels-antichrist-obsession/,"The Real Stakes, and Real Story, of Peter Thiel’s Antichrist Obsession",,uncategorized,3,,3,3,3,3,1.0,True,
