seriation_pos,url,title,summary,category,cluster_name,actionability,implied_action,importance,effort,staleness,insight_density,quick_win_score
1,https://www.bigquietfan.com/,The Big Quiet Fan: Open-Source High-Efficiency Air Purification,"This page introduces the 'Big Quiet Fan,' an open-source engineering design for a high-flow, ultra-quiet fan optimized for air purification. The author argues it is superior to commercial HEPA units (like the Blast MKII) by delivering significantly more clean air per dollar and decibel of noise, making it ideal for classrooms and offices under new post-pandemic ventilation standards.",technology,technology / health/nutrition (14),3,Evaluate the open-source design for potential DIY construction or wait for the crowdfunding campaign to launch if interested in supporting/using the product.,4,2,5,3,3.3333333333333335
2,https://brief.bismarckanalysis.com/p/china-tests-our-dream-of-an-automated,China Tests Our Dream of an Automated Future,"This article analyzes China's aggressive push toward robotics and automation as a strategic response to demographic decline, contrasting it with Western nations. It details how China transformed from a marginal player to the world's largest robot market through subsidies, capital access, and industrial expansion, aiming for a tenfold increase in robot use by 2025.",technology,technology / health/nutrition (14),1,Read for interest/enrichment,3,1,4,3,4.0
3,https://www.richardhanania.com/p/the-china-shock-and-why-the-midwest,The China Shock and Why the Midwest,"Richard Hanania critiques the economic populism surrounding trade with China, arguing that protectionist policies misinterpret the 'China Shock' literature and misunderstand creative destruction. He contends that while specific regions may suffer from globalization, this is a necessary byproduct of technological progress and increased efficiency, and that opposing trade based on xenophobia rather than economics is flawed.",politics/policy,technology / health/nutrition (14),1,Read for interest/enrichment,3,2,4,4,2.0
4,https://www.campbellramble.ai/p/china-cant-win,China Can't Win: A Strategic Analysis of US-China Economic Separation,"This is a pre-release chapter or summary for a book by Alexander Campbell (former hedge fund manager) arguing that US-China decoupling is asymmetric and inevitable, with China facing an existential crisis due to hidden property losses ($10T+) and reliance on the dollar system. The author contends that while China prepared for decoupling over 15 years, they failed in critical areas like semiconductors and alliances, leaving them vulnerable to US financial leverage.",politics/policy,technology / health/nutrition (14),2,Read for interest/enrichment; potentially bookmark for future reference on geopolitical strategy or investment thesis validation.,3,1,4,3,4.0
5,https://joincolossus.com/article/joshua-kushner-thrive-new-world/,Joshua Kushner's Journey: Thrive Capital and a Visit with Rick Rubin,"This article details Joshua Kushner's meeting with music producer Rick Rubin, where he sought advice on maintaining his intuition amidst the rise of Thrive Capital. The piece blends this modern business narrative with the family's deep roots in the Holocaust, recounting the grandmother's survival story and their migration to America.",personal finance,technology / health/nutrition (14),1,Read for interest/enrichment,3,2,4,3,2.0
6,https://www.wired.com/story/the-real-stakes-real-story-peter-thiels-antichrist-obsession/,Peter Thiel's Obsession with the Antichrist and Armageddon,"This article explores billionaire Peter Thiel's recent speaking tour focused on doomsday scenarios, specifically his interpretation of René Girard's theories regarding the 'Antichrist' as a force that unifies humanity against technology to avoid apocalypse. It details how Thiel was influenced by Austrian theologian Wolfgang Palaver and Carl Schmitt's ideas, leading him to argue that modern civilization is trapped between technological catastrophe and a globalist Antichrist, with his proposed solution being a return to traditional religion.",philosophy,technology / health/nutrition (14),1,Read for interest/enrichment,3,2,4,4,2.0
7,https://importai.substack.com/p/import-ai-431-technological-optimism,Import AI 431: Technological Optimism and Appropriate Fear,"This is a transcript of an Import AI newsletter featuring remarks by Dario Amodei (OpenAI) on the nature of AI progress, blending technological optimism with deep concern over alignment issues. The author argues that we must stop treating AI as a simple tool and instead acknowledge it as a complex, potentially self-aware 'creature' that requires honest engagement and public listening to manage risks effectively.",AI safety,technology / health/nutrition (14),2,Read for interest/enrichment; consider the philosophical framing of AI as a 'creature' when discussing alignment with others.,4,1,4,5,5.333333333333333
8,https://www.tais2025.cc/proceedings/farr-mossaic,Management of Substrate-Specific AI Capabilities (MoSSAIC),"This paper proposes a new theoretical framework, MoSSAIC, to supplement the dominant mechanistic paradigm in AI safety by addressing scenarios where decomposing neural networks is inadequate. The authors outline core motivations and a roadmap for initial work under this supplementary approach.",AI safety,technology / health/nutrition (14),2,Read for interest/enrichment to understand emerging theoretical shifts in AI safety research.,4,3,5,4,2.2222222222222223
9,https://forum.effectivealtruism.org/posts/R8AAG4QBZi5puvogR/effective-altruism-in-the-age-of-agi,Effective Altruism in the Age of AGI: A Third Way,"This post argues that the Effective Altruism movement should evolve beyond its traditional focus on AI safety and global health to embrace a broader mission of ensuring a smooth transition to a post-AGI society. The author proposes expanding cause areas to include neglected topics like AI welfare, human power concentration risks, and space governance, framing this as an opportunity for intellectual revitalization and high-impact work.",EA/philanthropy,technology / health/nutrition (14),3,Re-evaluate current EA cause area priorities; potentially pivot research or career focus toward neglected AGI-related domains like AI character or human power dynamics.,4,2,5,4,3.3333333333333335
10,https://forum.effectivealtruism.org/posts/wt8gKaH9usKy3LQmK/you-should-probably-track-your-time-and-it-just-got-easier,Why You Should Track Your Time (and How AI Just Made It Easy),"The author argues that time is a scarce resource comparable to money and that most high-impact work happens in only four hours daily. They introduce 'donethat.ai', an AI-powered tool they built to automate time tracking, solving common friction points like manual entry errors and habit formation fatigue.",career/productivity,technology / health/nutrition (14),4,Sign up for the 14-day free trial of donethat.ai using the discount code 'EA' to test the automated time tracking tool.,3,2,5,3,2.5
11,https://www.lesswrong.com/posts/ahYpi49FNhxYBxanw/the-biochemical-beauty-of-retatrutide-how-glp-1s-actually,The Biochemical Beauty of Retatrutide: How GLP-1s Actually Work,"This article explains the complex metabolic mechanisms behind weight loss drugs, specifically focusing on how retatrutide uniquely targets GLP-1, GIP, and glucagon receptors to potentially solve fatigue issues associated with other GLP-1 agonists. It details the biochemical trade-offs of energy storage (glycogen vs. fat) and offers a deep dive into the elegant but imperfect design of current pharmaceutical solutions.",health/nutrition,technology / health/nutrition (14),2,Read for interest/enrichment; potentially useful if considering GLP-1 medications or optimizing diet/exercise around them.,3,3,5,4,1.6666666666666667
12,https://www.lesswrong.com/posts/5kSbx2vPTRhjiNHfe/hospitalization-a-review,Hospitalization: A Review - Spontaneous Pneumothorax Experience,"The author recounts a terrifying episode where they mistook symptoms of a spontaneous pneumothorax (collapsed lung) for a heart attack, leading to emergency hospitalization. The post details the medical procedures involved, including two surgeries, and offers practical advice on how patients can advocate for themselves in hospital settings.",health/nutrition,technology / health/nutrition (14),4,Review the 'Lessons Learned' section to adopt better strategies for patient advocacy during future medical visits; potentially share with a partner or family member.,3,2,5,4,2.5
13,https://terrytao.wordpress.com/career-advice/theres-more-to-mathematics-than-rigour-and-proofs/,There's more to mathematics than rigour and proofs,"Terry Tao outlines the three stages of mathematical education: pre-rigorous (intuitive), rigorous (formal/proof-based), and post-rigorous (synthesizing both). He argues that while rigor is essential for avoiding errors, it must be paired with refined intuition to effectively tackle complex problems and read literature efficiently.",career/productivity,technology / health/nutrition (14),2,Reflect on your own mathematical development stage and consciously practice integrating formal proofs with intuitive reasoning when solving new problems.,4,2,5,5,3.3333333333333335
14,https://www.slowboring.com/p/more-streaming-video-is-bad,More streaming video is bad,"This article critiques a recent JAMA study linking preteen social media use to lower literacy, arguing that while the study's methods are flawed, the core concern about algorithmic video consumption remains valid. The author reframes 'social media' as essentially ubiquitous, algorithmically driven television, suggesting that increased passive consumption of short-form content harms cognitive foundations and societal stability.",rationality,technology / health/nutrition (14),1,Read for interest/enrichment to better understand the arguments against algorithmic media consumption.,3,2,4,4,2.0
15,https://www.nytimes.com/2025/10/14/opinion/culture/community-parenting-village.html,The Village: Community Parenting in the Modern Age,"Could not fetch content. Based on the URL, this is a New York Times opinion piece from October 2025 discussing the concept of 'community parenting' or rebuilding the social support networks for raising children.",politics/policy,career/productivity / politics/policy (3),2,Read for interest/enrichment to reflect on current parenting challenges and community structures.,3,1,4,3,4.0
16,https://m.youtube.com/watch?v=LAc-ssq16Kc,YouTube Footer / Copyright Page,"This page contains only the standard footer links, copyright notice, and legal terms for YouTube, indicating the tab was likely left open by accident or while scrolling. There is no actual video content or specific article present to assess.",technology,technology (2),1,Close tab,1,1,5,1,1.6666666666666667
17,https://m.youtube.com/watch?v=InjMe5Q1_ks&pp=0gcJCfwJAYcqIYzv,YouTube Footer,"This content is merely the copyright footer and legal links found at the bottom of a YouTube page, likely from an accidental navigation or a background tab that failed to load video metadata. It contains no substantive information relevant to your interests in rationality, health, space, or finance.",technology,technology (2),1,Read for interest/enrichment (but there is nothing here to read),1,1,4,1,1.3333333333333333
18,https://airtable.com/appk4qxUG2dzCJUT2/pagHnnCDjCWQ0tCv9/form,Airtable Form,"Could not fetch content. This is a generic Airtable form URL, likely used for data collection such as event registration, feedback, project intake, or job applications.",career/productivity,career/productivity / politics/policy (3),5,Complete the form to submit required data.,3,1,4,1,4.0
19,https://frh.psdschools.org/sites/frh/files/SITE_FILES/Graduation/Programs/FRHS_Program_English.pdf,FRHS English Program Guide,"Could not fetch content. Based on the URL, this is a PDF document outlining the English curriculum or program structure for Franklin Regional High School's graduating class.",education/curriculum,career/productivity / politics/policy (3),1,Read for interest/enrichment (likely an archive of past educational materials),2,1,1,2,0.6666666666666666
20,https://www.lesswrong.com/posts/tQ9vWm4b57HFqbaRj/what-if-not-agency,[Mock] Article about travel,"This article discusses key developments in ai safety. The author argues for a nuanced approach, presenting evidence from multiple sources and suggesting practical takeaways for readers.",AI safety,AI safety (1),5,Bookmark and revisit quarterly,5,3,3,3,1.6666666666666667
